[
    {
        "id": "tim-cook",
        "name": "Tim Cook",
        "designation": "Head of Executive Operations and Financial Operations",
        "image": "https://www.apple.com/leadership/images/overview/ceo_image.jpg.large_2x.jpg",
        "image-transparent": "https://www.apple.com/leadership/images/bio/tim-cook_image.png.medium_2x.png",
        "linkedin": "https://www.linkedin.com/in/ab-satyaprakash/",
        "twitter": "https://twitter.com/AbSatyaprakash",
        "details-first": "Katherine Adams is Apple’s general counsel and senior vice president of Legal and Global Security, reporting to CEO Tim Cook.\nKate serves on the company’s executive team and oversees all legal matters, including corporate governance, intellectual property, litigation and securities compliance, global security and privacy.\nKate joined Apple from Honeywell in 2017, where she worked for 14 years, most recently as senior vice president and general counsel.\nAt Honeywell, Kate was in charge of the organization’s global legal strategy across more than 100 countries.",
        "details-second": "Prior to joining Honeywell, Kate was a partner at Sidley Austin LLP in New York.\nEarlier in her career, she served as a law clerk for Supreme Court Justice Sandra Day O’Connor; as trial attorney for the United States Department of Justice, Appellate Section, Environment and Natural Resources division; and as law clerk for Stephen Breyer, then chief judge of the US Court of Appeals for the First Circuit.\n\nKate earned a bachelor’s degree in Comparative Literature from Brown University and a law degree from the University of Chicago Law School."
    },
    {
        "id": "katherine-adams",
        "name": "Katherine Adams",
        "designation": "Head of Executive Operations and Financial Operations",
        "image": "https://www.apple.com/leadership/images/overview/srvpgeneralcounsel_image.jpg.large_2x.jpg",
        "image-transparent": "https://www.apple.com/leadership/images/bio/katherine_adams_image.png.large_2x.png",
        "linkedin": "https://www.linkedin.com/in/ab-satyaprakash/",
        "twitter": "https://twitter.com/AbSatyaprakash",
        "details-first": "Katherine Adams is Apple’s general counsel and senior vice president of Legal and Global Security, reporting to CEO Tim Cook.\nKate serves on the company’s executive team and oversees all legal matters, including corporate governance, intellectual property, litigation and securities compliance, global security and privacy.\nKate joined Apple from Honeywell in 2017, where she worked for 14 years, most recently as senior vice president and general counsel.\nAt Honeywell, Kate was in charge of the organization’s global legal strategy across more than 100 countries.",
        "details-second": "Prior to joining Honeywell, Kate was a partner at Sidley Austin LLP in New York.\nEarlier in her career, she served as a law clerk for Supreme Court Justice Sandra Day O’Connor; as trial attorney for the United States Department of Justice, Appellate Section, Environment and Natural Resources division; and as law clerk for Stephen Breyer, then chief judge of the US Court of Appeals for the First Circuit.\n\nKate earned a bachelor’s degree in Comparative Literature from Brown University and a law degree from the University of Chicago Law School."
    },
    {
        "id": "eddy-cue",
        "name": "Eddy Cue",
        "designation": "Head of Executive Operations and Financial Operations",
        "image": "https://www.apple.com/leadership/images/overview/srvpinternetsoftwareandservices_image.jpg.large_2x.jpg",
        "image-transparent": "https://www.apple.com/leadership/images/bio/eddy_cue_image.png.large_2x.png",
        "linkedin": "https://www.linkedin.com/in/ab-satyaprakash/",
        "twitter": "https://twitter.com/AbSatyaprakash",
        "details-first": "Katherine Adams is Apple’s general counsel and senior vice president of Legal and Global Security, reporting to CEO Tim Cook.\nKate serves on the company’s executive team and oversees all legal matters, including corporate governance, intellectual property, litigation and securities compliance, global security and privacy.\nKate joined Apple from Honeywell in 2017, where she worked for 14 years, most recently as senior vice president and general counsel.\nAt Honeywell, Kate was in charge of the organization’s global legal strategy across more than 100 countries.",
        "details-second": "Prior to joining Honeywell, Kate was a partner at Sidley Austin LLP in New York.\nEarlier in her career, she served as a law clerk for Supreme Court Justice Sandra Day O’Connor; as trial attorney for the United States Department of Justice, Appellate Section, Environment and Natural Resources division; and as law clerk for Stephen Breyer, then chief judge of the US Court of Appeals for the First Circuit.\n\nKate earned a bachelor’s degree in Comparative Literature from Brown University and a law degree from the University of Chicago Law School."
    },
    {
        "id": "tim-cook",
        "name": "Tim Cook",
        "designation": "Head of Executive Operations and Financial Operations",
        "image": "https://www.apple.com/leadership/images/overview/ceo_image.jpg.large_2x.jpg",
        "image-transparent": "https://www.apple.com/leadership/images/bio/tim-cook_image.png.medium_2x.png",
        "linkedin": "https://www.linkedin.com/in/ab-satyaprakash/",
        "twitter": "https://twitter.com/AbSatyaprakash",
        "details-first": "Katherine Adams is Apple’s general counsel and senior vice president of Legal and Global Security, reporting to CEO Tim Cook.\nKate serves on the company’s executive team and oversees all legal matters, including corporate governance, intellectual property, litigation and securities compliance, global security and privacy.\nKate joined Apple from Honeywell in 2017, where she worked for 14 years, most recently as senior vice president and general counsel.\nAt Honeywell, Kate was in charge of the organization’s global legal strategy across more than 100 countries.",
        "details-second": "Prior to joining Honeywell, Kate was a partner at Sidley Austin LLP in New York.\nEarlier in her career, she served as a law clerk for Supreme Court Justice Sandra Day O’Connor; as trial attorney for the United States Department of Justice, Appellate Section, Environment and Natural Resources division; and as law clerk for Stephen Breyer, then chief judge of the US Court of Appeals for the First Circuit.\n\nKate earned a bachelor’s degree in Comparative Literature from Brown University and a law degree from the University of Chicago Law School."
    },
    {
        "id": "katherine-adams",
        "name": "Katherine Adams",
        "designation": "Head of Executive Operations and Financial Operations",
        "image": "https://www.apple.com/leadership/images/overview/srvpgeneralcounsel_image.jpg.large_2x.jpg",
        "image-transparent": "https://www.apple.com/leadership/images/bio/katherine_adams_image.png.large_2x.png",
        "linkedin": "https://www.linkedin.com/in/ab-satyaprakash/",
        "twitter": "https://twitter.com/AbSatyaprakash",
        "details-first": "Katherine Adams is Apple’s general counsel and senior vice president of Legal and Global Security, reporting to CEO Tim Cook.\nKate serves on the company’s executive team and oversees all legal matters, including corporate governance, intellectual property, litigation and securities compliance, global security and privacy.\nKate joined Apple from Honeywell in 2017, where she worked for 14 years, most recently as senior vice president and general counsel.\nAt Honeywell, Kate was in charge of the organization’s global legal strategy across more than 100 countries.",
        "details-second": "Prior to joining Honeywell, Kate was a partner at Sidley Austin LLP in New York.\nEarlier in her career, she served as a law clerk for Supreme Court Justice Sandra Day O’Connor; as trial attorney for the United States Department of Justice, Appellate Section, Environment and Natural Resources division; and as law clerk for Stephen Breyer, then chief judge of the US Court of Appeals for the First Circuit.\n\nKate earned a bachelor’s degree in Comparative Literature from Brown University and a law degree from the University of Chicago Law School."
    },
    {
        "id": "eddy-cue",
        "name": "Eddy Cue",
        "designation": "Head of Executive Operations and Financial Operations",
        "image": "https://www.apple.com/leadership/images/overview/srvpinternetsoftwareandservices_image.jpg.large_2x.jpg",
        "image-transparent": "https://www.apple.com/leadership/images/bio/eddy_cue_image.png.large_2x.png",
        "linkedin": "https://www.linkedin.com/in/ab-satyaprakash/",
        "twitter": "https://twitter.com/AbSatyaprakash",
        "details-first": "Katherine Adams is Apple’s general counsel and senior vice president of Legal and Global Security, reporting to CEO Tim Cook.\nKate serves on the company’s executive team and oversees all legal matters, including corporate governance, intellectual property, litigation and securities compliance, global security and privacy.\nKate joined Apple from Honeywell in 2017, where she worked for 14 years, most recently as senior vice president and general counsel.\nAt Honeywell, Kate was in charge of the organization’s global legal strategy across more than 100 countries.",
        "details-second": "Prior to joining Honeywell, Kate was a partner at Sidley Austin LLP in New York.\nEarlier in her career, she served as a law clerk for Supreme Court Justice Sandra Day O’Connor; as trial attorney for the United States Department of Justice, Appellate Section, Environment and Natural Resources division; and as law clerk for Stephen Breyer, then chief judge of the US Court of Appeals for the First Circuit.\n\nKate earned a bachelor’s degree in Comparative Literature from Brown University and a law degree from the University of Chicago Law School."
    },
    {
        "id": "tim-cook",
        "name": "Tim Cook",
        "designation": "Head of Executive Operations and Financial Operations",
        "image": "https://www.apple.com/leadership/images/overview/ceo_image.jpg.large_2x.jpg",
        "image-transparent": "https://www.apple.com/leadership/images/bio/tim-cook_image.png.medium_2x.png",
        "linkedin": "https://www.linkedin.com/in/ab-satyaprakash/",
        "twitter": "https://twitter.com/AbSatyaprakash",
        "details-first": "Katherine Adams is Apple’s general counsel and senior vice president of Legal and Global Security, reporting to CEO Tim Cook.\nKate serves on the company’s executive team and oversees all legal matters, including corporate governance, intellectual property, litigation and securities compliance, global security and privacy.\nKate joined Apple from Honeywell in 2017, where she worked for 14 years, most recently as senior vice president and general counsel.\nAt Honeywell, Kate was in charge of the organization’s global legal strategy across more than 100 countries.",
        "details-second": "Prior to joining Honeywell, Kate was a partner at Sidley Austin LLP in New York.\nEarlier in her career, she served as a law clerk for Supreme Court Justice Sandra Day O’Connor; as trial attorney for the United States Department of Justice, Appellate Section, Environment and Natural Resources division; and as law clerk for Stephen Breyer, then chief judge of the US Court of Appeals for the First Circuit.\n\nKate earned a bachelor’s degree in Comparative Literature from Brown University and a law degree from the University of Chicago Law School."
    },
    {
        "id": "katherine-adams",
        "name": "Katherine Adams",
        "designation": "Head of Executive Operations and Financial Operations",
        "image": "https://www.apple.com/leadership/images/overview/srvpgeneralcounsel_image.jpg.large_2x.jpg",
        "image-transparent": "https://www.apple.com/leadership/images/bio/katherine_adams_image.png.large_2x.png",
        "linkedin": "https://www.linkedin.com/in/ab-satyaprakash/",
        "twitter": "https://twitter.com/AbSatyaprakash",
        "details-first": "Katherine Adams is Apple’s general counsel and senior vice president of Legal and Global Security, reporting to CEO Tim Cook.\nKate serves on the company’s executive team and oversees all legal matters, including corporate governance, intellectual property, litigation and securities compliance, global security and privacy.\nKate joined Apple from Honeywell in 2017, where she worked for 14 years, most recently as senior vice president and general counsel.\nAt Honeywell, Kate was in charge of the organization’s global legal strategy across more than 100 countries.",
        "details-second": "Prior to joining Honeywell, Kate was a partner at Sidley Austin LLP in New York.\nEarlier in her career, she served as a law clerk for Supreme Court Justice Sandra Day O’Connor; as trial attorney for the United States Department of Justice, Appellate Section, Environment and Natural Resources division; and as law clerk for Stephen Breyer, then chief judge of the US Court of Appeals for the First Circuit.\n\nKate earned a bachelor’s degree in Comparative Literature from Brown University and a law degree from the University of Chicago Law School."
    },
    {
        "id": "eddy-cue",
        "name": "Eddy Cue",
        "designation": "Head of Executive Operations and Financial Operations",
        "image": "https://www.apple.com/leadership/images/overview/srvpinternetsoftwareandservices_image.jpg.large_2x.jpg",
        "image-transparent": "https://www.apple.com/leadership/images/bio/eddy_cue_image.png.large_2x.png",
        "linkedin": "https://www.linkedin.com/in/ab-satyaprakash/",
        "twitter": "https://twitter.com/AbSatyaprakash",
        "details-first": "Katherine Adams is Apple’s general counsel and senior vice president of Legal and Global Security, reporting to CEO Tim Cook.\nKate serves on the company’s executive team and oversees all legal matters, including corporate governance, intellectual property, litigation and securities compliance, global security and privacy.\nKate joined Apple from Honeywell in 2017, where she worked for 14 years, most recently as senior vice president and general counsel.\nAt Honeywell, Kate was in charge of the organization’s global legal strategy across more than 100 countries.",
        "details-second": "Prior to joining Honeywell, Kate was a partner at Sidley Austin LLP in New York.\nEarlier in her career, she served as a law clerk for Supreme Court Justice Sandra Day O’Connor; as trial attorney for the United States Department of Justice, Appellate Section, Environment and Natural Resources division; and as law clerk for Stephen Breyer, then chief judge of the US Court of Appeals for the First Circuit.\n\nKate earned a bachelor’s degree in Comparative Literature from Brown University and a law degree from the University of Chicago Law School."
    },
    {
        "id": "tim-cook",
        "name": "Tim Cook",
        "designation": "Head of Executive Operations and Financial Operations",
        "image": "https://www.apple.com/leadership/images/overview/ceo_image.jpg.large_2x.jpg",
        "image-transparent": "https://www.apple.com/leadership/images/bio/tim-cook_image.png.medium_2x.png",
        "linkedin": "https://www.linkedin.com/in/ab-satyaprakash/",
        "twitter": "https://twitter.com/AbSatyaprakash",
        "details-first": "Katherine Adams is Apple’s general counsel and senior vice president of Legal and Global Security, reporting to CEO Tim Cook.\nKate serves on the company’s executive team and oversees all legal matters, including corporate governance, intellectual property, litigation and securities compliance, global security and privacy.\nKate joined Apple from Honeywell in 2017, where she worked for 14 years, most recently as senior vice president and general counsel.\nAt Honeywell, Kate was in charge of the organization’s global legal strategy across more than 100 countries.",
        "details-second": "Prior to joining Honeywell, Kate was a partner at Sidley Austin LLP in New York.\nEarlier in her career, she served as a law clerk for Supreme Court Justice Sandra Day O’Connor; as trial attorney for the United States Department of Justice, Appellate Section, Environment and Natural Resources division; and as law clerk for Stephen Breyer, then chief judge of the US Court of Appeals for the First Circuit.\n\nKate earned a bachelor’s degree in Comparative Literature from Brown University and a law degree from the University of Chicago Law School."
    },
    {
        "id": "katherine-adams",
        "name": "Katherine Adams",
        "designation": "Head of Executive Operations and Financial Operations",
        "image": "https://www.apple.com/leadership/images/overview/srvpgeneralcounsel_image.jpg.large_2x.jpg",
        "image-transparent": "https://www.apple.com/leadership/images/bio/katherine_adams_image.png.large_2x.png",
        "linkedin": "https://www.linkedin.com/in/ab-satyaprakash/",
        "twitter": "https://twitter.com/AbSatyaprakash",
        "details-first": "Katherine Adams is Apple’s general counsel and senior vice president of Legal and Global Security, reporting to CEO Tim Cook.\nKate serves on the company’s executive team and oversees all legal matters, including corporate governance, intellectual property, litigation and securities compliance, global security and privacy.\nKate joined Apple from Honeywell in 2017, where she worked for 14 years, most recently as senior vice president and general counsel.\nAt Honeywell, Kate was in charge of the organization’s global legal strategy across more than 100 countries.",
        "details-second": "Prior to joining Honeywell, Kate was a partner at Sidley Austin LLP in New York.\nEarlier in her career, she served as a law clerk for Supreme Court Justice Sandra Day O’Connor; as trial attorney for the United States Department of Justice, Appellate Section, Environment and Natural Resources division; and as law clerk for Stephen Breyer, then chief judge of the US Court of Appeals for the First Circuit.\n\nKate earned a bachelor’s degree in Comparative Literature from Brown University and a law degree from the University of Chicago Law School."
    },
    {
        "id": "eddy-cue",
        "name": "Eddy Cue",
        "designation": "Head of Executive Operations and Financial Operations",
        "image": "https://www.apple.com/leadership/images/overview/srvpinternetsoftwareandservices_image.jpg.large_2x.jpg",
        "image-transparent": "https://www.apple.com/leadership/images/bio/eddy_cue_image.png.large_2x.png",
        "linkedin": "https://www.linkedin.com/in/ab-satyaprakash/",
        "twitter": "https://twitter.com/AbSatyaprakash",
        "details-first": "Katherine Adams is Apple’s general counsel and senior vice president of Legal and Global Security, reporting to CEO Tim Cook.\nKate serves on the company’s executive team and oversees all legal matters, including corporate governance, intellectual property, litigation and securities compliance, global security and privacy.\nKate joined Apple from Honeywell in 2017, where she worked for 14 years, most recently as senior vice president and general counsel.\nAt Honeywell, Kate was in charge of the organization’s global legal strategy across more than 100 countries.",
        "details-second": "Prior to joining Honeywell, Kate was a partner at Sidley Austin LLP in New York.\nEarlier in her career, she served as a law clerk for Supreme Court Justice Sandra Day O’Connor; as trial attorney for the United States Department of Justice, Appellate Section, Environment and Natural Resources division; and as law clerk for Stephen Breyer, then chief judge of the US Court of Appeals for the First Circuit.\n\nKate earned a bachelor’s degree in Comparative Literature from Brown University and a law degree from the University of Chicago Law School."
    },
    {
        "id": "tim-cook",
        "name": "Tim Cook",
        "designation": "Head of Executive Operations and Financial Operations",
        "image": "https://www.apple.com/leadership/images/overview/ceo_image.jpg.large_2x.jpg",
        "image-transparent": "https://www.apple.com/leadership/images/bio/tim-cook_image.png.medium_2x.png",
        "linkedin": "https://www.linkedin.com/in/ab-satyaprakash/",
        "twitter": "https://twitter.com/AbSatyaprakash",
        "details-first": "Katherine Adams is Apple’s general counsel and senior vice president of Legal and Global Security, reporting to CEO Tim Cook.\nKate serves on the company’s executive team and oversees all legal matters, including corporate governance, intellectual property, litigation and securities compliance, global security and privacy.\nKate joined Apple from Honeywell in 2017, where she worked for 14 years, most recently as senior vice president and general counsel.\nAt Honeywell, Kate was in charge of the organization’s global legal strategy across more than 100 countries.",
        "details-second": "Prior to joining Honeywell, Kate was a partner at Sidley Austin LLP in New York.\nEarlier in her career, she served as a law clerk for Supreme Court Justice Sandra Day O’Connor; as trial attorney for the United States Department of Justice, Appellate Section, Environment and Natural Resources division; and as law clerk for Stephen Breyer, then chief judge of the US Court of Appeals for the First Circuit.\n\nKate earned a bachelor’s degree in Comparative Literature from Brown University and a law degree from the University of Chicago Law School."
    },
    {
        "id": "katherine-adams",
        "name": "Katherine Adams",
        "designation": "Head of Executive Operations and Financial Operations",
        "image": "https://www.apple.com/leadership/images/overview/srvpgeneralcounsel_image.jpg.large_2x.jpg",
        "image-transparent": "https://www.apple.com/leadership/images/bio/katherine_adams_image.png.large_2x.png",
        "linkedin": "https://www.linkedin.com/in/ab-satyaprakash/",
        "twitter": "https://twitter.com/AbSatyaprakash",
        "details-first": "Katherine Adams is Apple’s general counsel and senior vice president of Legal and Global Security, reporting to CEO Tim Cook.\nKate serves on the company’s executive team and oversees all legal matters, including corporate governance, intellectual property, litigation and securities compliance, global security and privacy.\nKate joined Apple from Honeywell in 2017, where she worked for 14 years, most recently as senior vice president and general counsel.\nAt Honeywell, Kate was in charge of the organization’s global legal strategy across more than 100 countries.",
        "details-second": "Prior to joining Honeywell, Kate was a partner at Sidley Austin LLP in New York.\nEarlier in her career, she served as a law clerk for Supreme Court Justice Sandra Day O’Connor; as trial attorney for the United States Department of Justice, Appellate Section, Environment and Natural Resources division; and as law clerk for Stephen Breyer, then chief judge of the US Court of Appeals for the First Circuit.\n\nKate earned a bachelor’s degree in Comparative Literature from Brown University and a law degree from the University of Chicago Law School."
    },
    {
        "id": "eddy-cue",
        "name": "Eddy Cue",
        "designation": "Head of Executive Operations and Financial Operations",
        "image": "https://www.apple.com/leadership/images/overview/srvpinternetsoftwareandservices_image.jpg.large_2x.jpg",
        "image-transparent": "https://www.apple.com/leadership/images/bio/eddy_cue_image.png.large_2x.png",
        "linkedin": "https://www.linkedin.com/in/ab-satyaprakash/",
        "twitter": "https://twitter.com/AbSatyaprakash",
        "details-first": "Katherine Adams is Apple’s general counsel and senior vice president of Legal and Global Security, reporting to CEO Tim Cook.\nKate serves on the company’s executive team and oversees all legal matters, including corporate governance, intellectual property, litigation and securities compliance, global security and privacy.\nKate joined Apple from Honeywell in 2017, where she worked for 14 years, most recently as senior vice president and general counsel.\nAt Honeywell, Kate was in charge of the organization’s global legal strategy across more than 100 countries.",
        "details-second": "Prior to joining Honeywell, Kate was a partner at Sidley Austin LLP in New York.\nEarlier in her career, she served as a law clerk for Supreme Court Justice Sandra Day O’Connor; as trial attorney for the United States Department of Justice, Appellate Section, Environment and Natural Resources division; and as law clerk for Stephen Breyer, then chief judge of the US Court of Appeals for the First Circuit.\n\nKate earned a bachelor’s degree in Comparative Literature from Brown University and a law degree from the University of Chicago Law School."
    }
]