[
    {
      "category": "Location solutions",
      "category_id": "location-solutions",
      "name": "Asset Tracking and Analysis",
      "id": "asset-tracking-and-analysis",
      "l0": "Manage key assets, prevent failure",
      "l0_sub": "Understand asset location, condition, performance, and life cycle",
      "l0_image": "https://drive.google.com/uc?id=18FpzfAaBbIY5Wf_b7Yvngr9ICU87yZNR",
      "l1": "Enhance asset performance",
      "l1_content": "Asset managers must minimize risks and maximize performance while managing cost and resources for both fixed and moving assets. Innovative managers use smart maps and dashboards to achieve a holistic view of their assets. Location intelligence enhances day-to-day operations such as inspections, maintenance, and investment planning.",
      "l1_image": "https://drive.google.com/uc?id=1U4OBjJd0xqP_ci0VpRXGm31OYsuC4l3V",
      "l2": "See the performance others can’t",
      "l2_choose": "When managers use smart maps and visualizations to perform asset tracking and analysis, they help their organizations reduce errors; save time; and make informed, data-driven decisions.",
      "l2_content": "Increase inventory accuracy by using modern data collection apps. Track asset condition and planner-time throughout the life cycle. Share status updates quickly and seamlessly with the field and office. Forecast maintenance costs and needs to improve reliability. Manage customer expectations. Integrate fully into existing asset management systems and inventory tracking.",
      "l2_image": "https://drive.google.com/uc?id=1E8ahFJegzEOrp59RgaBdfZeOa87zJsHV",
      "l3": "Spatial Analysis and Data Science",
      "l3_content": "Use location as the connective thread to uncover hidden patterns and trends for enhanced asset tracking and analysis. Gain a competitive edge by integrating location into machine learning models and artificial intelligence.",
      "l3_image": "https://drive.google.com/uc?id=14bzNREwtb_9jX0mt2zWG-u62nEZXmYE9",
      "l4_1": "Real-Time Visualization and Analytics",
      "l4_1_content": "Know asset location and condition in real time and predict failures before they can happen. Use location intelligence based on the most up-to-date information to make informed decisions about asset tracking and analysis.",
      "l4_1_image": "https://drive.google.com/uc?id=18wD0m_betMU1zgEMCrIww4aCLG2_-ebZ",
      "l4_2": "Field Operations",
      "l4_2_content": "Improve coordination and operational efficiency in workforce activities. Reduce or even replace paper reliance, modernize workflows for reliable and accessible data, and access the power of location anywhere.\n",
      "l4_2_image": "https://drive.google.com/uc?id=1CrXHvQoq7dmPDo7FF55m0AK54EsJMhN3",
      "l5_1": "Logistics and Fulfillment",
      "l5_1_content": "Organize complex delivery operations to ensure your supplies and products are where they need to be in a timely manner.",
      "l5_1_image": "https://drive.google.com/uc?id=1maVCBM_gKz8qHUBQLCtZPHEIGJbWpHAd",
      "l5_2": "Performance Monitoring",
      "l5_2_content": "Get a real-time view of people, services, assets and, events. Improve communication and collaboration.",
      "l5_2_image": "https://drive.google.com/uc?id=1zfhOTvb9DiqZNqaaItkrOkm19K4Rolbt",
      "l5_3": "Facility Management",
      "l5_3_content": "Manage and maintain facility safety, security, and operations with powerful data management and visualization capabilities.",
      "l5_3_image": "https://drive.google.com/uc?id=1VfP5GWVzRAWdFuoMG9AI2ZVXScaVmt_c"
    },
    {
      "category": "Location solutions",
      "category_id": "location-solutions",
      "name": "Economic Development",
      "id": "economic-development",
      "l0": "Create sustainable business growth",
      "l0_sub": "Discover where to invest in your community for greatest impact",
      "l0_image": "https://drive.google.com/uc?id=1Vs6KGgs4cIyjMwHlJNc1sHQKOJ0U9Shp",
      "l1": "Build a strong community",
      "l1_content": "To be successful, economic developers need to understand their community's strengths—whether it's an educated and diverse workforce, affordable housing, lower cost of living, great transportation, or a thriving local economy. Leaders can use location intelligence to visualize and analyze business and community growth potential, combining data about demographics, lifestyle, and spending. This strategic approach helps communities create jobs, identify opportunities for economic gardening, and attract new business.",
      "l1_image": "https://drive.google.com/uc?id=1w5lqqHIee2uIaO1jo4TR0IwnYfuRtIBp",
      "l2": "See your economy grow",
      "l2_choose": "Smart maps provide community leaders, businesses, and investors with key data and iterative development plans in real time.\n",
      "l2_content": "Attract new residents and businesses with destination branding powered by analytics, reports, and maps.\nIdentify gaps in goods, services, and infrastructure to improve quality of life.\nSupport site selection, planning, territory analysis, retail comparison, merchandise mix evaluations, and customer segmentation and targeting.\nIdentify opportunity zones and empower sustainable growth using data-driven maps.",
      "l2_image": "https://drive.google.com/uc?id=10eccc_On3pMV-Ii0QJqFYW1OBJWOuA4T",
      "l3": "Mapping",
      "l3_content": "Visualize people, places, and assets to gain clear understanding of a potential economic development. See what's happening throughout the community, design a strategy, and know where to invest.",
      "l3_image": "https://drive.google.com/uc?id=1pht4ovKUujjdSuifzogNlw2cILMtHcj4",
      "l4_1": "Real-Time Visualization and Analytics",
      "l4_1_content": "Understand customer demographics and development plans across a community and monitor changing situations. Use big data and Internet of Things (IoT) technology to make quick, informed decisions based on the most up-to-date information.",
      "l4_1_image": "https://drive.google.com/uc?id=1pht4ovKUujjdSuifzogNlw2cILMtHcj4",
      "l4_2": "3D Visualization and Analytics",
      "l4_2_content": "Extract value from your data to solve problems and see patterns, trends, and hidden relationships. Create models that make it easy to share your vision and ideas.",
      "l4_2_image": "https://drive.google.com/uc?id=1Q9_vXGFdh9jb_PQ21D4kClHRg9gz1sYd",
      "l5_1": "Civic Inclusion",
      "l5_1_content": "Communicate with maps, apps, and dashboards to advance social equity and overcome complacency.",
      "l5_1_image": "https://drive.google.com/uc?id=1hD7UfKm3PYVH2epEWdTbm3tRGggwZLbN",
      "l5_2": "Planning for Sustainability",
      "l5_2_content": "Build resilient communities with long-term economic and environmental sustainability by measuring and adapting to change",
      "l5_2_image": "https://drive.google.com/uc?id=1FlzPRCCzisVlQbyLnziPaBm0oOU5kpYY",
      "l5_3": "Site Analysis and Territory Planning",
      "l5_3_content": "Choose the best locations based on location intelligence and sophisticated data and analytics.",
      "l5_3_image": "https://drive.google.com/uc?id=1vJkj0Uly9fHguNuR8juPCqXUgxbMHBdi"
    },
    {
      "category": "Location solutions",
      "category_id": "location-solutions",
      "name": "Facility Management",
      "id": "facility-management",
      "l0": "Lead the way to higher performance",
      "l0_sub": "Strengthen facility operations with the power of location intelligence",
      "l1": "Keep it all under control",
      "l1_content": "To manage and maintain any facility—its safety, security, and operations—is a complex and expensive effort. Facility managers achieve success using powerful data management, analysis, and visualization. A digital approach to facility management helps leaders assess security risks, develop plans, protect staff and assets, and improve daily operations.",
      "l1_image": "https://drive.google.com/uc?id=1qHGfltBpn_ym_wj5bbcHLjFWUqqBgAr1",
      "l2": "See efficiencies others can’t",
      "l2_choose": "Smart maps help facility managers understand their spaces and the people in them and oversee daily operations.",
      "l2_content": "Get real-time operational awareness of campus spaces, asset inventories, and building conditions.\nImprove wayfinding with indoor mapping.\nSee the locations of service requests or emergency alerts in real time.\nCreate map-driven floor plans for work spaces that minimize distractions and maximize teamwork.\nGain insight into movement patterns through visualization and discover ways to cut costs, protect assets, and increase safety.\nSimplify coordination of construction, renovation, and maintenance projects.",
      "l2_image": "https://drive.google.com/uc?id=1Vuo2kfw4E49qocZHSkQr6N8UqG1U0lh4",
      "l3": "Field Operations",
      "l3_content": "Gain location perspective on real-time field activities and use visually rich dashboards to inform decisions. See what can be accomplished through working in unison and capturing and navigating data—even while offline.",
      "l4_1": "Real-Time Visualization and Analytics",
      "l4_1_content": "Know where vulnerabilities exist right now across your business and monitor changing situations. Use big data and Internet of Things (IoT) technology to make quick, informed decisions based on the most up-to-date information.",
      "l4_2": "Mapping",
      "l4_2_content": "Visualize people, places, and assets to gain a clear understanding of all operations in the field. See what's happening across the organization, create a detailed plan, and know where to effectively coordinate and dispatch resources.",
      "l5_1": "Asset Tracking and Analysis",
      "l5_1_content": "Visualize moving and fixed assets dynamically. Implement problem-solving tools to accurately record the locations and health of your assets.",
      "l5_1_image": "https://drive.google.com/uc?id=1c1ZuHexPrhUwPgHCPVlf5bLvOFSZpYdZ",
      "l5_2": "Operational Efficiency",
      "l5_2_content": "Streamline projects and identify areas that need improvement. Rely on authoritative data to reduce errors and better allocate resources",
      "l5_2_image": "https://drive.google.com/uc?id=1oxqpINnVO60bmvRf2sgujSNxKi2lmWTZ",
      "l5_3": "Risk Management     ",
      "l5_3_content": "Know what risks are happening and where with smart maps. Find patterns and trends and communicate seamlessly during mitigation and response.",
      "l5_3_image": "https://drive.google.com/uc?id=164YC3_jI_r_JHJZOquZVsirOQw6hL9JR"
    },
    {
      "category": "Location solutions",
      "category_id": "location-solutions",
      "name": "Field Service Management",
      "id": "field-service-management",
      "l0": "Coordinate operations from anywhere",
      "l0_sub": "Work seamlessly between office and field",
      "l1": "Build a more effective field service strategy",
      "l1_content": "Field activities often involve multiple projects, many staff members, and numerous assets. Fieldworkers can use mobile apps, smart maps, and dashboards to see the real-time status and location of projects and staff. This digitally transformed approach saves money and time by eliminating duplicated efforts and wasted resources and keeping data current.",
      "l1_image": "https://drive.google.com/uc?id=1-UlUaLiqag8lEODKXeqvSSUs_0_1YjZS",
      "l2": "See the connections others can’t",
      "l2_choose": "Smart maps and dashboards illuminate critical field operations, empower on-the-fly improvements, and reveal deeper insights about projects and resources.",
      "l2_content": "Ensure field and office staff are using the same authoritative data.\nUse real-time dashboards to inform decisions and evaluate key performance indicator (KPI) metrics.\nImprove sustainability metrics by reducing or replacing reliance on paper.\nAdd the power of mobile apps for critical functions such as data collection and route optimization.",
      "l2_image": "https://drive.google.com/uc?id=1oJmqjcDLI-2RipNHYEPemTZrTAYgdU29",
      "l3": "Field Operations",
      "l3_content": "Gain a location-based perspective on real-time field activities and use visually rich dashboards to inform decisions. See what can be accomplished through working in unison while capturing data and navigating roads—even when offline.",
      "l3_image": "https://drive.google.com/uc?id=1o1zLdFciBs3D3ExJjicnIK8Nsk_E2hfB",
      "l4_1": "Real-Time Visualization and Analytics",
      "l4_1_content": "Know where assets are and monitor changes in real time. Use big data and Internet of Things (IoT) technology to make quick, informed decisions based on the most up-to-date information.\n",
      "l4_1_image": "https://drive.google.com/uc?id=1JumQ1pPTn8AgfinaQD2_0hMhO2qpTI4C",
      "l4_2": "Mapping",
      "l4_2_content": "Visualize people, places, and assets to gain a clear understanding of all operations in the field. See what's happening across the organization, create a detailed plan, and know where to effectively schedule and dispatch resources.",
      "l4_2_image": "https://drive.google.com/uc?id=1-UlUaLiqag8lEODKXeqvSSUs_0_1YjZS",
      "l5_1": "Asset Tracking and Analysis",
      "l5_1_content": "Visualize moving and fixed assets dynamically. Implement problem-solving tools to accurately record the locations and health of your assets.",
      "l5_1_image": "https://drive.google.com/uc?id=14lZD0KPoTNl5_YjeU060IlN1uTH126P6",
      "l5_2": "Real-Time Location Tracking",
      "l5_2_content": "Gain insights from your data whether you are tracking moving assets or stationary sensors. Make the right decision at the right time.",
      "l5_2_image": "https://drive.google.com/uc?id=1xcwingRD16qs5DL1AyJ8bQydvWlrZbpq",
      "l5_3": "Operational Efficiency",
      "l5_3_content": "Streamline projects and identify areas that need improvement. Rely on authoritative data to reduce errors and better allocate resources",
      "l5_3_image": "https://drive.google.com/uc?id=1ORhAg6WN4LDqkH_qhFnTare9ianmb2sv"
    },
    {
      "category": "Location solutions",
      "category_id": "location-solutions",
      "name": "Logistics and Fulfillment",
      "id": "logistics-and-fulfillment",
      "l0": "Meet complex market demands",
      "l0_sub": "Share information to prevent disruption and deliver on service expectations\n",
      "l1": "On-time delivery demands real-time insight",
      "l1_content": "In logistics management, being on time and meeting customer expectations is everything. Dispatchers need to prepare for any threat to delivery operations—from contamination to natural disasters to theft. Easy-to-understand digital dashboards that fuse location intelligence and all operational data provide real-time insights. Adjustments can be made in the moment, and delays minimized to stay on schedule. ",
      "l1_image": "https://drive.google.com/uc?id=1TXNtJK9AyeOSxAB9twnvVF3MjUpDNzZW",
      "l2": "See the smartest routes others can’t",
      "l2_choose": "The world's largest delivery companies use location intelligence to optimize routes, arrive when projected, and meet high customer service expectations.",
      "l2_content": "Deliver on your promise of products, services, and order fulfillment.\nOptimize routes based on customer location, time windows, cargo transfers, and other factors.\nManage risk by planning for natural disasters and other events.\nRespond to disruptions in real time and adjust to protect your fulfillment reputation.\nReduce costs with smart routing and other location tools.",
      "l3": "Real-Time Visualization and Analytics",
      "l3_content": "Analyze and display real-time data from sensors, devices, and social media feeds. Gain situational awareness from your streaming data whether you are tracking moving assets or stationary sensors. ",
      "l3_image": "https://drive.google.com/uc?id=1iKR3DgDHghp2UNn1te7hKCcOtCQLijh8",
      "l4_1": "Spatial Analysis and Data Science",
      "l4_1_content": "See hidden patterns in your supply chain data. Access spatial analysis capabilities on demand and at scale with the Esri Geospatial Cloud.",
      "l4_1_image": "https://drive.google.com/uc?id=1By3fwIhF0RtMTX7nyipClVpoq7B7mGni",
      "l4_2": "Imagery and Remote Sensing",
      "l4_2_content": "Access imagery and remote-sensing data feeds to monitor delivery status. Obtain timely answers based on real-time data visualized in a smart map. ",
      "l4_2_image": "https://drive.google.com/uc?id=1u9EXqOyrUxi0KHL1ZeC-rhEp9rvMjyOa",
      "l5_1": "Operational Efficiency",
      "l5_1_content": "Streamline projects and identify areas that need improvement. Rely on authoritative data to reduce errors and better allocate resources.",
      "l5_1_image": "https://drive.google.com/uc?id=1dkGUOeIbpkdtYaTQNV7HpNG3EjElQh51",
      "l5_2": "Asset Tracking and Analysis",
      "l5_2_content": "Visualize moving and fixed assets dynamically. Implement problem-solving tools to accurately record the locations and health of your assets.",
      "l5_2_image": "https://drive.google.com/uc?id=11SXBdkSCdOw-GKLlQY0roSV5nMk6oJKT",
      "l5_3": "Situational Awareness",
      "l5_3_content": "The moment something happens, make better decisions by integrating, analyzing, and displaying data from sensors, devices, and social media feeds.",
      "l5_3_image": "https://drive.google.com/uc?id=1S4mKRgBgv1odnPIjUlhNZafMu4HL518u"
    },
    {
      "category": "Location solutions",
      "category_id": "location-solutions",
      "name": "Market and Customer Analysis",
      "id": "market-and-customer-analysis",
      "l0": "Find your best customers",
      "l0_sub": "Strengthen customer segmentation and engagement",
      "l1": "Put customer data in context",
      "l1_content": "Businesses have more customer data than ever but struggle to make sense of it. Location-enriched data shows what, where, and why customers buy. Business leaders and marketers can go beyond gut instinct or guesswork to find potential customers, identify target markets, advertise strategically, and plan product mixes.",
      "l1_image": "https://drive.google.com/uc?id=1C8XBVy36iDswfL3JFXc7wMaxhF2BQy__",
      "l2": "See opportunities others can't",
      "l2_choose": "Location is the key to unlocking rich customer data for precise market analysis and strategic business decisions. ",
      "l2_content": "Reduce ambiguity when entering new markets and optimize market planning decision-making.\nGain insight into the values and habits that shape customer behavior. \nCreate data-driven, personalized shopping experiences that increase customer loyalty.\nLeverage smart maps and visualizations that uncover patterns in key data such as drive times, population densities, demographics, and psychographics. ",
      "l2_image": "https://drive.google.com/uc?id=1aEIZknQ8HFUICjdNbhRunm0uKDx412MZ",
      "l3": "Spatial Analysis and Data Science",
      "l3_content": "Discover hidden patterns and trends for enhanced market and customer analysis, using the power of location as the connective thread. Create a competitive edge by integrating location into machine learning models and artificial intelligence.  ",
      "l3_image": "https://drive.google.com/uc?id=1hlW1UQxuXKXJY7IGNR37MnEwmT8mFgHx",
      "l4_1": "Real-Time Visualization and Analytics",
      "l4_1_content": "Know where assets and opportunities exist right now across your business and monitor changing situations. Use big data and Internet of Things (IoT) technology to make quick, informed decisions based on the most up-to-date information.",
      "l4_1_image": "https://drive.google.com/uc?id=1Yq5a_CAvP5eNRb3nxdOAsBflAzUGAMcN",
      "l4_2": "Mapping",
      "l4_2_content": "Gain a clear understanding of customers and competitors by visualizing people, places, and assets. See what's happening throughout a network of store locations, create robust business plans, and know where to allocate resources.    ",
      "l4_2_image": "https://drive.google.com/uc?id=1Wp0in1js9W8Nh_DarhNigksdQ3NgyWrH",
      "l5_1": "Site Analysis and Territory Planning",
      "l5_1_content": "Choose the best locations based on location intelligence and sophisticated data and analytics.",
      "l5_1_image": "https://drive.google.com/uc?id=1QxPYUTnOugiHDOo9fJ6jhUY4_rLSE63c",
      "l5_2": "Supply Chain Digitization",
      "l5_2_content": "Manage your supply chain digitally to find ways to increase efficiency, reliability, and customer satisfaction.",
      "l5_2_image": "https://drive.google.com/uc?id=1ia-PnhLh-Q7NNGorjz__wKwG9IVFrZ7t",
      "l5_3": "Logistics and Fulfillment",
      "l5_3_content": "Organize complex delivery operations to ensure your supplies and products get to where they need to be in a timely manner",
      "l5_3_image": "https://drive.google.com/uc?id=1oRkjQkXKHfSePJQcnDwr5z7HX9Rf2hnK"
    },
    {
      "category": "Location solutions",
      "category_id": "location-solutions",
      "name": "Operational Efficiency",
      "id": "operational-efficiency",
      "l0": "Continually improve your operations",
      "l0_sub": "Streamline processes and satisfy customers using location intelligence",
      "l1": "Create smarter workflows",
      "l1_content": "Many organizations struggle to develop strategic and practical plans for operational efficiency. Business leaders can use location intelligence to quickly manage and streamline hundreds of projects. Smart maps, analysis, and dashboards give real-time views of multiple locations and help identify business processes that need improvement. Harnessing authoritative data reduces errors while boosting productivity and reducing costs.",
      "l1_image": "https://drive.google.com/uc?id=1_ZKNXi5mj0GkLGWmxDfmWGE2vjo51kbx",
      "l2": "See your operations optimized",
      "l2_choose": "A real-time operational view of people, assets, and events reveals the big picture and areas of critical focus. This drives better task management, synergy, customer satisfaction, and competitive advantage.",
      "l2_content": "Collaborate and share real-time intelligence securely via maps, apps, dashboards, and reports.\nAdopt modern workflows that eliminate wasted time and resources.\nCombine multiple activity streams and processes into a unified workflow.",
      "l2_image": "https://drive.google.com/uc?id=1k_7Y-2YpW_8WV8UrAVgDRx5zOBR6gwuE",
      "l3": "Real-Time Visualization and Analytics",
      "l3_content": "Know where dangers exist right now across your community or business and monitor changing situations. Use big data and Internet of Things (IoT) technology to make quick, informed decisions based on the most up-to-date information.\n",
      "l3_image": "https://drive.google.com/uc?id=1eEGjULBUxP9SCLpnMxBw-KA0HhjkGoA4",
      "l4_1": "Field Operations",
      "l4_1_content": "Improve coordination and operational efficiency in workforce activities. Reduce or even replace paper reliance, modernize workflows, adopt data-driven decision-making, and harness the power of location intelligence.",
      "l4_1_image": "https://drive.google.com/uc?id=11EJfAe3DDHhnt2lTUOpa7wsVBfutbs0W",
      "l4_2": "Mapping",
      "l4_2_content": "Visualize people, places, and assets to gain a clear understanding of threats. See what's happening across the organization, create robust safety plans, and know where to allocate resources.\n",
      "l4_2_image": "https://drive.google.com/uc?id=1FX-R62ubW6UTaY3MBFLaazkps56lOPx1",
      "l5_1": "Asset Tracking and Analysis",
      "l5_1_content": "Visualize moving and fixed assets dynamically. Implement problem-solving tools to accurately record the locations and health of your assets.",
      "l5_1_image": "https://drive.google.com/uc?id=107tSWFDJs2HgFoPJry2UqAlCp_jlRTke",
      "l5_2": "Real-Time Location Tracking",
      "l5_2_content": "Gain insights from your data whether you are tracking moving assets or stationary sensors. Make the right decision at the right time.",
      "l5_2_image": "https://drive.google.com/uc?id=1TirP2QtPGOHQ6qYdlTpEvKAvzkUmXydx",
      "l5_3": "Field Service Management",
      "l5_3_content": "Digitally transform the approach to field operations. Gain efficiency from real-time data updates and integrate mobile field apps into workflows",
      "l5_3_image": "https://drive.google.com/uc?id=1hQ3FzKwV9z6o0_2-w4QFIbzfS6XD9y92"
    },
    {
      "category": "Location solutions",
      "category_id": "location-solutions",
      "name": "Performance Monitoring",
      "id": "performance-monitoring",
      "l0": "Work at peak levels",
      "l0_sub": "Manage operations with real-time analytics",
      "l1": "Get a clear view of projects and workflows",
      "l1_content": "Leaders in business and government are under increasing pressure to be more efficient and transparent. Innovative leaders use location intelligence to monitor, manage, and analyze key performance indicators. This real-time view of how assets and operations are performing helps identify inefficiencies and makes it easier to share data. ",
      "l1_image": "https://drive.google.com/uc?id=1_ZKNXi5mj0GkLGWmxDfmWGE2vjo51kbx",
      "l2": "See operational results others can’t",
      "l2_choose": "\nA shared map view of performance empowered by real-time analytics leads to greater efficiencies and collaborative problem solving. ",
      "l2_content": "Harness smart maps, analytics, and dashboards for a real-time view of operations, people, services, assets, and events.\nIdentify areas of improvement by viewing key performance indicators in context of location.\nCollaborate and share data effectively and securely via maps, apps, and dashboards.\nStrengthen quality control in business processes. \nImprove response time to problems and issues.",
      "l2_image": "https://drive.google.com/uc?id=1k_7Y-2YpW_8WV8UrAVgDRx5zOBR6gwuE",
      "l3": "Real-Time Visualization and Analytics",
      "l3_content": "Know where vulnerabilities exist right now across your business and monitor changing situations. Use big data and Internet of Things (IoT) technology to make quick, informed decisions based on the most up-to-date information.",
      "l3_image": "https://drive.google.com/uc?id=1ebmI7rPQQ7Ts9gJdRpCtxXcS-CtGgqQk",
      "l4_1": "Spatial Analysis and Data Science",
      "l4_1_content": "Use location as the connective thread to uncover hidden patterns and trends. Create a competitive edge by integrating location into machine learning models and artificial intelligence.",
      "l4_1_image": "https://drive.google.com/uc?id=1H4ftF8teGqXtVbP0A9BcWGFwS1fuueU2",
      "l4_2": "Mapping",
      "l4_2_content": "Visualize people, places, and assets to gain a clear understanding of performance. See what's happening throughout the organization, create robust risk mitigation plans, and know where to allocate resources.\n",
      "l4_2_image": "https://drive.google.com/uc?id=1FX-R62ubW6UTaY3MBFLaazkps56lOPx1",
      "l5_1": "Asset Tracking and Analysis",
      "l5_1_content": "Visualize moving and fixed assets dynamically. Implement problem-solving tools to accurately record the locations and health of your assets.",
      "l5_1_image": "https://drive.google.com/uc?id=163hUbFbZPfNk5ia8MNZFqadIYvGlwwWP",
      "l5_2": "Risk Management     ",
      "l5_2_content": "Know what risks are happening and where with smart maps. Find patterns and trends and communicate seamlessly during mitigation and response.",
      "l5_2_image": "https://drive.google.com/uc?id=11b8J8kCUP56EgvI33br6Vcgy8RgjY5kz",
      "l5_3": "Operational Efficiency",
      "l5_3_content": "Streamline projects and identify areas that need improvement. Rely on authoritative data to reduce errors and better allocate resources.",
      "l5_3_image": "https://drive.google.com/uc?id=12wCj3F4CcA34llR2KXY3ohMVzWKEglx6"
    },
    {
      "category": "Location solutions",
      "category_id": "location-solutions",
      "name": "Real-Time Location Tracking",
      "id": "real-time-location-tracking",
      "l0": "Know where assets are at all times",
      "l0_sub": "Get a real-time view of people, vehicles, and sensor feeds",
      "l1": "Keep track of what happens",
      "l1_content": "With so many people and things in motion, business and government leaders don't have time to manually track each movement. With location intelligence, they can create live maps and apps for monitoring. By seeing what's happening now and analyzing what has already happened, decision-makers can identify opportunities for growth, safety, and efficiency. ",
      "l1_image": "https://drive.google.com/uc?id=14Yb5L2CVTRElYYrLUpKBTVKrRhy9MfjM",
      "l2": "See movement patterns others can't",
      "l2_choose": "Monitor operations, resources, and assets—from field crews to vehicle fleets—using live maps, apps, and dashboards.",
      "l2_content": "Analyze and display real-time data from sensors, devices, and social media feeds.\nPut live tracking data in context of road or utility networks, hazards, weather, and demographics.\nSend commands to sensors when patterns of interest are detected.\nGet real-time alerts and visualization on maps and dashboards.\nIntegrate location history data with infrastructure data to discover trends and outliers.",
      "l2_image": "https://drive.google.com/uc?id=1CIR_T6ICJWQqIY4NTC0DZ6FbPIR3bWQ7",
      "l3": "Real-Time Visualization and Analytics",
      "l3_content": "Know where assets are across your organization and monitor changing situations. Use big data and Internet of Things (IoT) technology to make quick, informed decisions based on the most up-to-date information.",
      "l3_image": "https://drive.google.com/uc?id=1EdfuKgs_zMF1muFHFd6KR4LCSdZNKWKK",
      "l4_1": "Spatial Analysis and Data Science",
      "l4_1_content": "Use location as the connective thread to uncover hidden patterns and trends. Create a competitive edge by integrating location into machine learning models and artificial intelligence. ",
      "l4_1_image": "https://drive.google.com/uc?id=1GJBFnIPFswSDN1btGmJY6reggsCoDIL1",
      "l4_2": "Field Operations",
      "l4_2_content": "Gain perspective on real-time field activities and use visually rich dashboards to inform decisions. See what can be accomplished through capturing accurate data and working in unison, easily navigating data and roads—even while offline. ",
      "l4_2_image": "https://drive.google.com/uc?id=17B07OE6rKDvjM0Cgq_ngq-jRHfq4oU1q",
      "l5_1": "Asset Tracking and Analysis",
      "l5_1_content": "Visualize moving and fixed assets dynamically. Implement problem-solving tools to accurately record the locations and health of your assets.",
      "l5_1_image": "https://drive.google.com/uc?id=1-OL-FThbTHbjCUVu0qnSaq0WoB6cCVnd",
      "l5_2": "Situational Awareness",
      "l5_2_content": "The moment something happens, make better decisions by integrating, analyzing, and displaying data from many sensors, devices, and social media feeds.",
      "l5_2_image": "https://drive.google.com/uc?id=1aOAytC0S3GY06m91NUwMqqK3sMKd3HPQ",
      "l5_3": "Field Service Management",
      "l5_3_content": "Digitally transform the approach to field operations. Gain efficiency from real-time data updates and integrate mobile field apps into workflows.",
      "l5_3_image": "https://drive.google.com/uc?id=13vhptu1UiJFO5jdcz-uT_KD5evxL43AC"
    },
    {
      "category": "Location solutions",
      "category_id": "location-solutions",
      "name": "Risk Management",
      "id": "risk-management",
      "l0": "Stay ahead of uncertainty",
      "l0_sub": "Plan effectively and act quickly with location intelligence",
      "l1": "Prepare for a changing world",
      "l1_content": "Business and government leaders face unprecedented risk from disasters, geopolitical shifts, and security threats. They can use location intelligence to visualize risk on smart maps, find patterns and trends in big data, and communicate seamlessly during risk mitigation and response. This modern approach to risk management saves time, money, and lives.",
      "l1_image": "https://drive.google.com/uc?id=1bMzOxFSgq_u2RfW3xUS5VgNoIDXL4G3L",
      "l2": "See the risk others can't",
      "l2_choose": "Smart maps pinpoint areas of potential risk, reveal deeper insights on how to manage risk, and provide a common view that streamlines communication during all phases of risk management.",
      "l2_content": "Know where to allocate resources with data-driven risk assessment.\nUse predictive analytics to reveal patterns and trends.\nShare real-time data to understand impacted assets, people, and places.",
      "l2_image": "https://drive.google.com/uc?id=1iEEKYPgIOjHWJQFgsX8GGWBo8seq-W_P",
      "l3": "Spatial Analysis and Data Science",
      "l3_content": "Use location as the connective thread to uncover hidden patterns and trends for enhanced risk assessment. Create a competitive edge by integrating location into machine learning models and artificial intelligence.",
      "l3_image": "https://drive.google.com/uc?id=1q6im4aoRUAQw1mPqBiqoCR-HMqGqmpKS",
      "l4_1": "Real-Time Visualization and Analytics",
      "l4_1_content": "Know where vulnerabilities exist right now across your business and monitor changing situations. Use big data and Internet of Things (IoT) technology to make quick, informed decisions based on the most up-to-date information.\n",
      "l4_1_image": "https://drive.google.com/uc?id=1RK3iAeaqjFokgwbv1fRsANXBbQvZMdgk",
      "l4_2": "Mapping",
      "l4_2_content": "Visualize people, places, and assets to gain a clear understanding of risk. See what's happening throughout the organization, create robust risk mitigation plans, and know where to allocate resources.\n",
      "l4_2_image": "https://drive.google.com/uc?id=1lORmWxoMjJHrqr16vw7CLYMSbW_1lnWf",
      "l5_1": "Situational Awareness",
      "l5_1_content": "The moment something happens, make better decisions by integrating, analyzing, and displaying data from many sensors, devices, and social media feeds.",
      "l5_1_image": "https://drive.google.com/uc?id=1HdwbpR5-NYzVDeNDppeOXFIP7S_1PjBB",
      "l5_2": "Crisis Response",
      "l5_2_content": "When an event occurs, quickly address the impacts, maintain operational awareness, conduct damage assessments, and inform stakeholders.",
      "l5_2_image": "https://drive.google.com/uc?id=1Y2WO1t-_Ejot5ezaqz0hRcpsBAHaaHkQ",
      "l5_3": "Asset Tracking and Analysis",
      "l5_3_content": "Visualize moving and fixed assets dynamically. Implement problem-solving tools to accurately record the locations and health of your assets.",
      "l5_3_image": "https://drive.google.com/uc?id=1T7iSzzNBuJ8y_-87mJz-G103YLpqIkv8"
    },
    {
      "category": "Location solutions",
      "category_id": "location-solutions",
      "name": "Site Analysis and Territory Planning",
      "id": "site-analysis-and-territory-planning",
      "l0": "Choose the best locations",
      "l0_sub": "Use a data-driven growth strategy",
      "l1": "Support long-term success",
      "l1_content": "Competing with both brick-and-mortar neighbors and online retailers, today's businesses can't afford to choose a bad location. Innovative business leaders use location intelligence to forecast profits for potential locations and networks of locations and to make strong site selection and market planning decisions.",
      "l1_image": "https://drive.google.com/uc?id=1dx9hijg0GTZ6-LSL4r8oqc3fZUNpJ5NU",
      "l2": "See growth opportunities others can’t",
      "l2_choose": "Smart maps show current store performance or customer base in context of location and market opportunity. Spatial analysis enables selection of the most profitable sites based on competition, demographics, and supply chain.",
      "l2_content": "Identify and target the most profitable locations.\nMake repeatable growth decisions at scale.\nAvoid cannibalizing sales and jeopardizing current business.\nOptimize online buying and in-store customer engagement.\nMake the most of store, market, and merchandise mixes.",
      "l2_image": "https://drive.google.com/uc?id=1vEldAHC140uJ-7r2c1qORgmuC0DXzM_A",
      "l3": "Spatial Analysis and Data Science",
      "l3_content": "Use location as the connective thread to uncover hidden patterns and trends for enhanced market and customer analysis. Create a competitive edge by integrating location into machine learning models and artificial intelligence.",
      "l3_image": "https://drive.google.com/uc?id=1GfhLNoW88rfaB4zpUalBK3kYO5O6ByUU",
      "l4_1": "Field Operations",
      "l4_1_content": "Gain critical perspective on real-time field activities and use data-rich dashboards to inform decisions. See what can be accomplished through working in unison with a shared understanding of conditions—even while offline.\n",
      "l4_1_image": "https://drive.google.com/uc?id=1Ashb_6VgfWHVXCKzlq0AAobtIDxuRiC6",
      "l4_2": "Mapping",
      "l4_2_content": "Visualize people, places, and assets to gain important insights into customers and competitors. See what's happening across a network of store locations, create strong business plans, and know where to allocate resources.",
      "l4_2_image": "https://drive.google.com/uc?id=1sASC60VL98i4d7LqxjjfeSSlIZgwGJ1R",
      "l5_1": "Market and Customer Analysis",
      "l5_1_content": "Rely on data instead of guesswork to find your best customers, identify target markets, advertise strategically, and drive growth.",
      "l5_1_image": "https://drive.google.com/uc?id=1DQDJb_S_8tvjHs36G1j0BGzsX8Ahn50I",
      "l5_2": "Supply Chain Digitization",
      "l5_2_content": "Manage your supply chain digitally to find ways to increase efficiency, reliability, and customer satisfaction.",
      "l5_2_image": "https://drive.google.com/uc?id=1_xZmLeDxeICZbNsCbIIDIgTLfFvnEVhX",
      "l5_3": "Logistics and Fulfillment",
      "l5_3_content": "Organize complex delivery operations to ensure your supplies and products get to where they need to be in a timely manner.",
      "l5_3_image": "https://drive.google.com/uc?id=1OK7wODKfdENIeEbQ2LKvPTHXQoWrgDB2"
    },
    {
      "category": "Location solutions",
      "category_id": "location-solutions",
      "name": "Situational Awareness",
      "id": "situational-awareness",
      "l0": "Monitor event impacts in real time",
      "l0_sub": "Make informed decisions when they matter most",
      "l1": "Take quick action backed by data and analysis",
      "l1_content": "In the complex realm of business operations or large-scale events, it's difficult to know what is happening where. Using location intelligence, business leaders and first responders see a holistic view of the situation—real-time data such as weather and traffic, on-the-ground updates, plus the locations of assets, crews, and other resources. This approach leads to smart decisions in the moment and predictive abilities for the future.",
      "l1_image": "https://drive.google.com/uc?id=146mKpy8KgUrUsk7MQANjs2AD_zsUImwg",
      "l2": "See the big picture others can’t",
      "l2_choose": "Decision-makers gain clarity from location intelligence whether they need to react to supply chain disruptions, repair damage to a utility network, or coordinate first responders in an emergency. ",
      "l2_content": "Monitor resources and operations in real time.\nIntegrate data from multiple sources including Internet of Things (IoT) and social media feeds.\nVisualize and share all key information with one map view. \nPerform quick spatial analysis of an impending event.\nCreate an informed incident response plan in minutes.",
      "l2_image": "https://drive.google.com/uc?id=1GHm8cvQUDAIurDe-KjoQf72qsXCNc6ww",
      "l3": "Real-Time Visualization and Analytics",
      "l3_content": "Know where dangers exist right now across your community or business and monitor changing situations. Use big data and Internet of Things (IoT) technology to make quick, informed decisions based on the most up-to-date information.",
      "l3_image": "https://drive.google.com/uc?id=1USxiMb9dQ88BJUZkYaEKxGuxevAZkejm",
      "l4_1": "3D Visualization and Analytics",
      "l4_1_content": "Create your vision and extract value from your raw data. See hidden relationships, patterns, and trends. Share your ideas with others.",
      "l4_1_image": "https://drive.google.com/uc?id=1B_4p9du_UEgqbEUAuk6rAAlP2r1NjItv",
      "l4_2": "Mapping",
      "l4_2_content": "Visualize people, places, and assets to gain a clear understanding of all operations in the field. See what's happening across the organization, create a detailed plan, and know where to effectively coordinate and dispatch resources.",
      "l4_2_image": "https://drive.google.com/uc?id=1rkyCtgvc7B2UWZM5SxXFmdDjunT-nQ07",
      "l5_1": "Real-Time Location Tracking",
      "l5_1_content": "Gain insights from your data whether you are tracking moving assets or stationary sensors. Make the right decision at the right time.",
      "l5_1_image": "https://drive.google.com/uc?id=13J1l5VrCDwiL53Pg3lIUelISIIUijeej",
      "l5_2": "Crisis Response",
      "l5_2_content": "When an event occurs, quickly address the impacts, maintain operational awareness, conduct damage assessments, and inform stakeholders.",
      "l5_2_image": "https://drive.google.com/uc?id=1upR0zxHNTyYLBfA9dGf-zBPAKZ76fq0Q",
      "l5_3": "Safety and Security   ",
      "l5_3_content": "Get a proactive view of emerging threats and hazards to respond more quickly and help save lives.",
      "l5_3_image": "https://drive.google.com/uc?id=1FtGpDlI_KLy5GxIEbfCsg9Nz2VncTdUW"
    },
    {
      "category": "Location solutions",
      "category_id": "location-solutions",
      "name": "Supply Chain Digitization",
      "id": "supply-chain-digitization",
      "l0": "Plan for and mitigate disruptions",
      "l0_sub": "Strengthen your supply network by visualizing it in real time",
      "l1": "Uncover and respond to problems and opportunities",
      "l1_content": "Manufacturers move high volumes in a dynamic and risky global environment. To be agile, all stakeholders must know what is happening and where—in real time. Supply chain digitization combines live business and location data in a single dashboard, giving leaders a new level of end-to-end operational awareness and analysis. By seeing the whole picture, supply chain operators can improve efficiency, prevent disruption, and gain competitive advantage.",
      "l1_image": "https://drive.google.com/uc?id=1V4DNz20gIvXw0YOCibrcxjoUtV_Ajusg",
      "l2": "See supply networks digitally, as others can't",
      "l2_choose": "Supply chain digitization with location technology delivers valuable insights—such as real-time status, service area gaps, and opportunities.",
      "l2_content": "Understand all network connections, suppliers, inventory levels, complex relationships, and potential impacts.\nIdentify opportunities to boost performance, be more agile, and optimize connections to customers or suppliers.\nGain visibility to ensure ethical and sustainable supply sources.\nAccess and analyze Internet of Things (IoT) data for continuous improvement.\nReceive alerts when disruptions occur or service-level agreements are at risk.",
      "l2_image": "https://drive.google.com/uc?id=1wlqACSYpqfU4_RcBFnH0FXyqmb-TVaki",
      "l3": "Real-Time Visualization and Analytics",
      "l3_content": "Analyze and display real-time data from sensors, devices, and social media feeds. Gain situational awareness from streaming data whether you are tracking moving assets or stationary sensors.",
      "l3_image": "https://drive.google.com/uc?id=1pld4s_YQ1W_bV-luyiTZxeunthscKCrh",
      "l4_1": "Spatial Analysis and Data Science",
      "l4_1_content": "See hidden patterns in your supply chain data. Access spatial analysis capabilities on demand and at scale with the Esri Geospatial Cloud.",
      "l4_1_image": "https://drive.google.com/uc?id=1IPvLhwepeH2ukOco6--QCoYpXzQHApIT",
      "l4_2": "Imagery and Remote Sensing",
      "l4_2_content": "Access imagery and remote-sensing data feeds to monitor every phase in the supply chain. Get timely answers based on real-time data visualized in a powerful map.",
      "l4_2_image": "https://drive.google.com/uc?id=1l5hoXtipomdkbv6dpLtw5uRDbL0EGgg8",
      "l5_1": "Operational Efficiency",
      "l5_1_content": "Streamline projects and identify areas that need improvement. Rely on authoritative data to reduce errors and better allocate resources.",
      "l5_1_image": "https://drive.google.com/uc?id=1ONkfmvWolzKbpL4curiifLcIU6sJB8ZC",
      "l5_2": "Asset Tracking and Analysis",
      "l5_2_content": "Visualize moving and fixed assets dynamically. Implement problem-solving tools to accurately record the locations and health of your assets.",
      "l5_2_image": "https://drive.google.com/uc?id=1ONkfmvWolzKbpL4curiifLcIU6sJB8ZC",
      "l5_3": "Market and Customer Analysis",
      "l5_3_content": "Rely on data instead of guesswork to find your best customers, identify target markets, advertise strategically, and drive growth.",
      "l5_3_image": "https://drive.google.com/uc?id=1tc1vJVrGQ5uucPCvrE_T4D-wHHvYZs0g"
    },
    {
      "category": "Location solutions",
      "category_id": "location-solutions",
      "name": "Civic Inclusion",
      "id": "civic-inclusion",
      "l0": "Focus on impactful interaction",
      "l0_sub": "Collaborate to enhance equity and quality of life for everyone",
      "l1": "Work toward the future everyone wants",
      "l1_content": "Unprecedented social changes and economic demands make it difficult for cities to maintain and prioritize community engagement and plan ways to balance equity for all. City planners, business owners, and residents can rally around location-based information to work together, share ideas, make real improvements, and advance civic inclusion.",
      "l1_image": "https://drive.google.com/uc?id=1VEHhNG0sKo5pqpZBKr9UwitTD6we0JQ6",
      "l2": "See your community engage",
      "l2_choose": "Communication and collaboration help communities enhance inclusion and overcome complacency. Encouraging public participation early and often helps bring transparency and accountability to the decision-making process. Using a location-based approach helps leaders better understand community members' needs.\n",
      "l2_content": "Identify needs or gaps in education, affordable housing, and health care.\nAddress social inequities by combining data, public input, and feedback.\nShow where work is being done and communicate its value.\nProvide visual communication tools, like maps, apps, and dashboards, to share progress, keep the public informed, and bring initiatives to life.\nConnect community partners, such as universities, nongovernmental organizations (NGOs), and nonprofits, to reach shared goals.",
      "l2_image": "https://drive.google.com/uc?id=1bV_nZjuJfbWhSFrD3FBTUVYyYRJzHbqs",
      "l3": "Mapping",
      "l3_content": "Gather around a shared smart map for interactive give-and-take when reviewing proposed plans. Adjust incrementally and work toward consensus.",
      "l3_image": "https://drive.google.com/uc?id=1LikCHdTowqPiXlto-QRqdDetd-uExSuq",
      "l4_1": "Field Operations",
      "l4_1_content": "Deploy easy-to-use apps to collect feedback via crowdsourcing to adjust services to fit community demand.",
      "l4_1_image": "https://drive.google.com/uc?id=1WMsnFXuvE01CHGVeX4q1m5zbIOm38Xnu",
      "l4_2": "Spatial Analysis and Data Science",
      "l4_2_content": "Mapping and spatial analytics help governments gain insight into their community makeup and aid citizens in understanding initiatives that can improve livability and resilience.",
      "l4_2_image": "https://drive.google.com/uc?id=1GX9Nsm7dwCEzCHyCj6NqICW7nzlVY2MF",
      "l5_1": "Market and Customer Analysis",
      "l5_1_content": "Rely on data instead of guesswork to find your best customers, identify target markets, advertise strategically, and drive growth.",
      "l5_1_image": "https://drive.google.com/uc?id=10Oj1pCNj5jFx3hifv-OyBECsogI-ATbX",
      "l5_2": "Economic Development",
      "l5_2_content": "Find strategic opportunities for growth and identify where to invest in communities. See strengths that differentiate communities.",
      "l5_2_image": "https://drive.google.com/uc?id=1RFXOq-fUi7-IGfT1HvDEXxWmVmcLzTfX",
      "l5_3": "Planning for Sustainability",
      "l5_3_content": "Build resilient communities with long-term economic and environmental sustainability by measuring and adapting to change.",
      "l5_3_image": "https://drive.google.com/uc?id=1mvdhmaE8B763tcjyTyBJQbQpSGIlRAmo"
    },
    {
      "category": "Location solutions",
      "category_id": "location-solutions",
      "name": "Crisis Response",
      "id": "crisis-response",
      "l0": "Respond with confidence",
      "l0_sub": "Know where and how to best respond by using insights from location intelligence",
      "l1": "Inform response with shared awareness",
      "l1_content": "Critical incidents, including natural disasters, terrorism, and cyberattacks, are becoming more frequent, intense, and complex. Sharing location-based data in real time about the scope, scale, and complexity of a crisis helps prioritize incident response and ensures that appropriate resources are available to help save lives and property. Sharing situational awareness enables collaboration and coordination between the operations center and the field and across government, business, and community agencies that are working together.",
      "l1_image": "https://drive.google.com/uc?id=1Nk-XQLmXJjlEuqkhiUCprILxz_4eqDgO",
      "l2": "See clearly in times of crisis",
      "l2_choose": "During an incident, implementing a suite of real-time tools for operations centers and field personnel keeps everyone aligned on the mission and helps restore order to the chaos.",
      "l2_content": "Quickly analyze data to coordinate incident response, eliminate duplication of effort, and guide first responders to where help is needed most.\nDeploy mobile applications to streamline damage assessments.\nCreate a shared map to allow first responders, law enforcement, leaders, and citizens to collaborate.",
      "l2_image": "https://drive.google.com/uc?id=1X5HxAxSe21qsEhu8vQhxHEp140qrbX53",
      "l3": "Real-Time Visualization and Analytics",
      "l3_content": "Gain visibility to distributed work to address issues as they arise and keep track of all response operations. Aggregate damage reports quickly to put limited resources to best use.",
      "l3_image": "https://drive.google.com/uc?id=1PZ5QFXfaY1MQ97yvhNAOU2mn_1JPU4ii",
      "l4_1": "Field Operations",
      "l4_1_content": "Deploy personnel and sensors to gather data and report on damages from the moment an incident occurs. Connect fieldworkers with their peers to coordinate actions without the need for trips to a control center.",
      "l4_1_image": "https://drive.google.com/uc?id=1urP7F2soI5GxZx6d6nihkhzaGX1vVM0t",
      "l4_2": "Mapping",
      "l4_2_content": "Visualize where people, places, and resources are to gain a clear understanding of risk. See what's happening across the organization, create robust safety plans, and know where to allocate resources.",
      "l4_2_image": "https://drive.google.com/uc?id=1Z51zMJNt-v2CwJGt3PNn6BvIkPgi8Mb7",
      "l5_1": "Risk Management     ",
      "l5_1_content": "Know what and where risks exist with smart maps. Find patterns and trends and communicate seamlessly during mitigation and response.",
      "l5_1_image": "https://drive.google.com/uc?id=1Y3r0l4nCPNjL_iWhUtUoFJkidW51dHEf",
      "l5_2": "Safety and Security   ",
      "l5_2_content": "Get a proactive view of emerging threats and hazards to respond more quickly and help save lives.",
      "l5_2_image": "https://drive.google.com/uc?id=1HOcIBCS41--9MVKw4EcO3QMEGhKSS99i",
      "l5_3": "Situational Awareness",
      "l5_3_content": "The moment something happens, make better decisions by integrating, analyzing, and displaying data from many sensors, devices, and social media feeds.",
      "l5_3_image": "https://drive.google.com/uc?id=1wiP-Rtrs7U0alVPO_GJPisWBs_GAQusl"
    },
    {
      "category": "Location solutions",
      "category_id": "location-solutions",
      "name": "Planning for Sustainability",
      "l0": "Build resilient communities",
      "l0_sub": "Measure and adapt to change with location intelligence",
      "l1": "Create change with a plan",
      "l1_content": "Communities are complex and continually evolving. City planners face pressures such as population growth, climate change, migratory and age-based demographic change, and the push to be competitive in a global environment. As they work to better understand projects in terms of the impact on places and people, planners can use smart maps and spatial analysis. This approach empowers proactive, informed decisions that support resilient and sustainable communities, cities, and towns—and their people.",
      "l1_image": "https://drive.google.com/uc?id=1J_4dXYcudlooRXsOkFLJSXcS0ZPoQ-cF",
      "l2": "See a thriving future",
      "l2_choose": "Smart maps help planners build resilient, sustainable communities with long-term economic and environmental sustainability. Location intelligence can empower critical decisions about land use, emergency preparedness, transportation, public spaces, and residential or commercial areas.\n",
      "l2_content": "Identify areas that may be impacted by climate change.\nAnalyze and understand your community's role in protecting local and global natural resources.\nUse maps, models, and 3D visualizations to measure design impact.\nAdvance sustainability goals by measuring, monitoring, and reporting progress.\nCreate proactive response plans for dealing with hazards and natural disasters.",
      "l2_image": "https://drive.google.com/uc?id=1y-hjieYqvoWC-Dnb4kunB69NTQae9x_p",
      "l3": "Mapping",
      "l3_content": "Visualize people, places, and assets to gain a clear understanding of communities. See what's happening throughout the city, better understand community needs, and know where to allocate resources.",
      "l3_image": "https://drive.google.com/uc?id=1B-9sdFiORDXnQJ-b6hgmJXhvDdnKMv2b",
      "l4_1": "Spatial Analysis and Data Science",
      "l4_1_content": "Use location as the connective thread to uncover unseen patterns and trends for enhanced sustainability planning. Get faster, more comprehensive insight by integrating location information into machine learning models and artificial intelligence.",
      "l4_1_image": "https://drive.google.com/uc?id=18DtGd4S5V6Ru3I_-4ZEEL1l430xJZaGb",
      "l4_2": "3D Visualization and Analytics",
      "l4_2_content": "Extract value from your data to solve problems and see patterns, trends, and hidden relationships. Enhance your data visually and share your vision easily with others.",
      "l4_2_image": "https://drive.google.com/uc?id=1eXCSeLkOATPEnRaQpuD-x_wr09rmM-vb",
      "l5_1": "Civic Inclusion",
      "l5_1_content": "Communicate with maps, apps, and dashboards to advance social equity and overcome complacency.",
      "l5_1_image": "https://drive.google.com/uc?id=1It5lyz2W3VEEDV8rcwm5RZ2UtjAuWQNm",
      "l5_2": "Economic Development",
      "l5_2_content": "Find opportunities for growth and identify where to invest strategically. See strengths that differentiate communities.",
      "l5_2_image": "https://drive.google.com/uc?id=1l7DhpfWFWlxAb3AQqmlThKwWNmeedzP5",
      "l5_3": "Site Analysis and Territory Planning",
      "l5_3_content": "Choose the best locations based on location intelligence and sophisticated data and analytics.",
      "l5_3_image": "https://drive.google.com/uc?id=1HQfMpWsa2QxS4MGcRgCSw7-gzbGbyuw0"
    },
    {
      "category": "Location solutions",
      "category_id": "location-solutions",
      "name": "Safety and Security",
      "l0": "Protect people and communities",
      "l0_sub": "Prepare for and prevent incidents with location intelligence",
      "l0_image": "https://drive.google.com/uc?id=1iSL1N2D1qSzLUThffjwV6cZfrIvShhsD",
      "l1": "Be ready and aware",
      "l1_content": "Communities around the world face increasingly complex threats and hazards that place their safety and security at risk. Leaders use location intelligence to see areas of high risk and vulnerability, then optimize their response plans to increase their resilience. Shared maps and data-driven analysis help organizations respond to and recover from incidents in real time.",
      "l1_image": "https://drive.google.com/uc?id=1HEcxNwTVq_skRB_3srhT3tr-DhCML4yX",
      "l2": "See a safer future",
      "l2_choose": "Strong situational awareness and collaboration gives you a proactive view of emerging threats and hazards that can help you respond more quickly. Improve the security for your neighborhoods, businesses, and communities with location intelligence.",
      "l2_content": "Collaborate with people inside and outside your organization to ensure a shared understanding of risk.\nTrack incidents to proactively stage resources and plan response efforts.\nMonitor situations as they unfold, adjust in real time, and act where needed.\nShare data securely among first responders and partners.",
      "l2_image": "https://drive.google.com/uc?id=1Le2E7mw4ZnI3TUeOsczNf7anTaih6k4t",
      "l3": "Mapping",
      "l3_content": "Visualize people, places, and resources to gain a clear understanding of risk. See what's happening across the organization, create robust safety plans, and know where to allocate resources.",
      "l3_image": "https://drive.google.com/uc?id=1iSL1N2D1qSzLUThffjwV6cZfrIvShhsD",
      "l4_1": "Field Operations",
      "l4_1_content": "Gain a location-based perspective on real-time field activities and leverage visually rich dashboards to inform decisions. See what can be accomplished through working in unison and capturing and interpreting data—even while offline.",
      "l4_1_image": "https://drive.google.com/uc?id=1-NuFt71OBkAM7MFl0n6Mjn9m1lnXqUih",
      "l4_2": "Real-Time Visualization and Analytics",
      "l4_2_content": "Know where dangers exist right now across your community or business and monitor changing situations. Use big data and Internet of Things (IoT) technology to make quick, informed decisions based on the most up-to-date information.",
      "l4_2_image": "https://drive.google.com/uc?id=1-7gsQ9iJ7biIOgJaSucmOTwha7f0CGHn",
      "l5_1": "Risk Management     ",
      "l5_1_content": "Know what risks are unfolding, and where, with smart maps. Find patterns and trends and communicate seamlessly during mitigation and response.",
      "l5_1_image": "https://drive.google.com/uc?id=1GCYsuSmm1BOGOlXTqN1EY8gGAiBgWeiS",
      "l5_2": "Crisis Response",
      "l5_2_content": "When an incident occurs, quickly address the impacts, maintain operational awareness, conduct damage assessments, and inform the public.",
      "l5_2_image": "https://drive.google.com/uc?id=1B6wK5qpdi74zJ55a_BWam0SrHkuCB1Od",
      "l5_3": "Situational Awareness",
      "l5_3_content": "The moment something happens, make better decisions by integrating, analyzing, and displaying data from many sensors, devices, and social media feeds.",
      "l5_3_image": "https://drive.google.com/uc?id=1up5OOsPekvfVYeqe7ycF4kE7w8tcmcds"
    }
  ]
  